GHTorrent id,Travis CI id,Repository name,contributors,changes last month,age in days,Programming language,commits passed,commits failed,pull requests passed,pull request failed,p-value chi-squared test,residual commits passed,residual commits failed,residual pull requests passed,residual pull requests failed,odds ratio,p-value odds ratio
63,133943,pculture/unisubs,15,32,930,Python,0,0,0,0,NA,NA,NA,NA,NA,NA,NA
127,26202,mozilla/addon-sdk,17,17,1345,Python,0,57,0,100,NA,NA,NA,NA,NA,NA,NA
312,122078,Katello/katello,36,42,693,Ruby,1682,324,2985,1545,1.80648308274764e-49,6.93570502149162,-10.4225563249957,-4.38910898022581,6.59568644012338,2.68576972793108,0
340,389878,netty/netty,16,54,1213,Java,12,17,2,1,NA,NA,NA,NA,NA,NA,NA
418,140071,sunpy/sunpy,15,29,943,Python,226,80,421,281,3.23687466640377e-05,1.86613298971206,-2.82650939454194,-1.39393990512648,2.11130946132345,1.88264924870961,1.90102357029431e-05
489,577,Shopify/active_merchant,273,13,2116,Ruby,918,200,669,190,0.0222760163449181,1.57836593418473,-1.38351342954038,-0.782440891291771,0.685846962024593,1.30341698590803,0.0196140559619717
613,94717,MovingBlocks/Terasology,64,19,1098,Java,0,0,0,0,NA,NA,NA,NA,NA,NA,NA
657,54362,spree/spree_reviews,33,10,757,Ruby,59,28,17,15,0.206232171153489,1.0107426930131,-0.612993646507925,-0.760270329637092,0.461087559591174,1.84915683554027,0.150065954001346
687,807414,gwu-libraries/launchpad,10,40,654,Python,114,30,124,9,0.00142282780849657,-2.24749939168567,2.15995228467496,0.909794711144413,-0.874355371214448,0.280131887033616,0.000702067074984436
714,21724,puppetlabs/puppet-docs,150,41,1269,Ruby,0,0,0,0,NA,NA,NA,NA,NA,NA,NA
750,322930,ros/rosdistro,18,183,785,Python,2838,105,2878,246,1.03328003608525e-12,4.85459555203378,-5.00165158146615,-1.20298580232274,1.23942680212529,2.30800026438764,3.41948691584548e-13
772,26398,mozilla/socorro,18,16,925,Python,0,0,0,0,NA,NA,NA,NA,NA,NA,NA
807,380238,openmicroscopy/bioformats,47,31,884,Java,512,38,1091,115,0.0856436178412334,0.967868563862458,-1.43320625023203,-0.2990166272317,0.442779644956702,1.4161769198712,0.0677293320571168
847,7776,puppetlabs/puppet,195,41,1269,Ruby,1240,60,1679,426,1.8505861618088e-36,7.24324835112242,-9.21696100646308,-2.95552381640031,3.76087446528232,5.22995976334947,0
853,323760,rapid7/metasploit-framework,65,44,919,Ruby,1966,89,4428,240,0.1745427599937,0.765145974451325,-1.15319780819958,-0.173562513434682,0.261586568787755,1.19591442083112,0.154365829029649
860,26337,mozilla/bedrock,18,31,1057,Python,0,0,0,0,NA,NA,NA,NA,NA,NA,NA
937,20833,grails/grails-core,11,34,1485,Java,0,0,0,0,NA,NA,NA,NA,NA,NA,NA
961,74567,ipython/ipython,14,54,1396,Python,1506,126,3570,845,1.05655806720474e-26,5.11002397509637,-8.40481608296774,-2.23497024713441,3.67601286600919,2.825790809795,0
1008,137221,zendframework/zf2-documentation,12,63,605,Python,0,0,0,0,NA,NA,NA,NA,NA,NA,NA
1113,3323,travis-ci/travis-core,39,15,850,Ruby,1794,659,499,229,0.0174137156792435,1.80792493203338,-0.98491172923463,-1.12508374319563,0.61291713799106,1.24954139968,0.0161507473277323
1142,12292,saltstack/salt,15,213,1110,Python,2754,5024,0,0,NA,NA,NA,NA,NA,NA,NA
1299,155448,ooici/coi-services,43,48,860,Python,0,0,0,0,NA,NA,NA,NA,NA,NA,NA
1334,891,rails/rails,37,91,2155,Ruby,5767,3715,2450,1337,3.60983330168762e-05,-2.76129821485874,1.745062512968,2.16515174618075,-1.36831477557034,0.847200049066332,3.15365089224029e-05
1958,245044,infinispan/infinispan,29,10,1218,Java,0,0,0,0,NA,NA,NA,NA,NA,NA,NA
1965,38083,cakephp/docs,30,61,1079,Python,0,0,0,0,NA,NA,NA,NA,NA,NA,NA
2093,27342,fog/fog,53,18,1753,Ruby,968,276,1393,550,0.000141752188280226,2.06844831322788,-2.5850615214672,-1.22345134648607,1.52901911010428,1.38433658949672,0.000110137356208462
2281,169501,gradle/gradle,15,52,1639,Java,51,2,0,0,NA,NA,NA,NA,NA,NA,NA
2719,7939,mperham/sidekiq,13,20,780,Ruby,594,115,462,124,0.0271675858510626,1.52412884306513,-1.38563030212995,-0.725084586583927,0.659195696839867,1.3858440744155,0.0231186349749817
2863,155446,ooici/ion-definitions,44,21,863,Java,0,0,0,0,NA,NA,NA,NA,NA,NA,NA
3479,419,github/github-services,33,13,1392,Ruby,1,2,0,0,NA,NA,NA,NA,NA,NA,NA
3732,108072,ceylon/ceylon-ide-eclipse,15,107,945,Java,0,0,0,0,NA,NA,NA,NA,NA,NA,NA
3923,20763,mongodb/docs,18,90,895,Python,0,0,0,0,NA,NA,NA,NA,NA,NA,NA
4023,192806,allegro/ralph,10,22,658,Python,33,11,54,15,0.863125036150885,-0.219879506470819,0.275348655767214,0.120202029718367,-0.15052547567836,0.832605221811019,0.690691680140556
4068,10075,jruby/jruby,22,25,1796,Ruby,1651,1330,293,307,0.00380433464502721,1.97561895702737,-0.886334842223449,-1.81292314787127,0.813343558238317,1.30053851931691,0.00337213270741143
4095,84396,elasticsearch/elasticsearch,10,77,1487,Java,11,61,14,3,NA,NA,NA,NA,NA,NA,NA
4751,875464,Catrobat/Catroid,166,38,646,Java,0,0,0,0,NA,NA,NA,NA,NA,NA,NA
4765,453806,bigbluebutton/bigbluebutton,15,13,1381,Java,0,0,0,0,NA,NA,NA,NA,NA,NA,NA
4779,25041,sunlightlabs/openstates,12,20,1834,Python,0,0,0,0,NA,NA,NA,NA,NA,NA,NA
5210,132351,square/okhttp,19,102,591,Java,501,343,319,251,0.224776726612451,0.746512692546738,-0.613484226223198,-0.635365300033661,0.522143284838813,1.14919364993118,0.205280289975843
5245,100399,sferik/twitter,11,14,2212,Ruby,651,131,109,23,0.948024758998179,0.161004882604697,-0.0661489013714964,-0.0724757320751784,0.0297766749387279,1.05344279885593,0.835281240200899
5400,155445,ooici/pyon,44,11,939,Python,0,0,0,0,NA,NA,NA,NA,NA,NA,NA
5516,365717,geoserver/geoserver,30,36,847,Java,78,182,39,211,0.00016914274745396,1.32228320314936,-1.29660535679896,-2.42341518862753,2.37635410314402,2.31096136542803,0.000106877165402253
5520,NA,CocoaPods/Specs,440,441,907,Ruby,NA,NA,NA,NA,NA,NA,NA,NA,NA,NA,NA
5556,1269957,Sage-Bionetworks/SynapseWebClient,16,12,664,Java,0,0,0,0,NA,NA,NA,NA,NA,NA,NA
5591,21726,puppetlabs/facter,195,11,1269,Ruby,464,9,430,112,8.65721909392305e-20,5.89524241883435,-6.31060128237502,-2.16883041099876,2.3216388742855,13.1900054382325,0
5626,10355,sampsyo/beets,19,27,1305,Python,778,43,329,43,0.000150645587975942,3.1251716732627,-2.10365138484583,-0.871062453832273,0.586339545109986,2.36279414277514,0.000169731440702092
6026,3723,gitlabhq/gitlabhq,17,51,886,Ruby,1915,1414,1217,1204,5.68793129839006e-08,3.06342719564163,-2.61245044186777,-2.80079619604216,2.38848217785028,1.33977183174075,4.97649752517759e-08
6413,51866,twitter/commons,338,52,1101,Java,48,356,17,162,0.483331084915798,0.234483122491948,-0.156080059404895,-0.661941775175836,0.440611292164854,1.2772528810598,0.406172161634842
6584,576,Shopify/liquid,271,17,2128,Ruby,272,87,170,56,0.95972884617295,0.10165344422499,-0.0806545910108292,-0.057820119119772,0.0458760457686092,1.03055799122981,0.879022973397274
7511,1269960,Sage-Bionetworks/Synapse-Repository-Services,16,36,653,Java,0,0,0,0,NA,NA,NA,NA,NA,NA,NA
7537,289210,kivy/kivy,11,33,1219,Python,0,17,0,17,NA,NA,NA,NA,NA,NA,NA
7588,1393053,OpenMDAO/OpenMDAO-Framework,15,15,983,Python,0,0,0,0,NA,NA,NA,NA,NA,NA,NA
7608,NA,reddit/reddit,15,12,2087,Python,NA,NA,NA,NA,NA,NA,NA,NA,NA,NA,NA
8127,60356,matplotlib/matplotlib,20,10,1111,Python,547,493,1059,1165,0.00895615992676375,1.04977710145348,-1.53513939642833,-1.06663686096107,1.55979423124859,1.22048457952248,0.00805766707910172
8381,1388728,nuxeo/nuxeo-core,22,16,812,Java,0,0,0,0,NA,NA,NA,NA,NA,NA,NA
9095,12038,holderdeord/hdo-site,24,16,698,Ruby,1869,345,90,37,9.79722954753204e-05,3.57540235581589,-0.856323720214774,-1.57884459765477,0.378139841325975,2.23150540745483,0.000197476338485325
9241,10386,tangentlabs/django-oscar,57,31,1184,Python,1546,470,657,223,0.258990329089787,0.855872470645244,-0.565464219535677,-0.480030051073517,0.317149841236652,1.11672820480243,0.240530952311287
9427,2286,spree/spree,12,59,2187,Ruby,1097,2282,132,402,0.000409974057008869,1.8663674728934,-0.741948377728703,-2.75811564188794,1.09645043423011,1.46280282536513,0.00027144826444303
9615,367056,forge/core,11,33,1046,Java,0,0,0,0,NA,NA,NA,NA,NA,NA,NA
9793,77015,sympy/sympy,21,34,1406,Python,814,77,2962,2147,1.70785388366128e-80,5.81987616891255,-13.9361510045926,-4.46647742007111,10.695331305708,7.64659168231469,0
10252,85511,dimagi/commcare-hq,20,290,1701,Python,2842,749,2840,773,0.596332639061543,0.350220854139735,-0.351292017323749,-0.181258638866515,0.181813024987282,1.03276962632966,0.576648807818436
10269,953207,eucalyptus/eucalyptus,13,31,1017,Java,0,0,0,0,NA,NA,NA,NA,NA,NA,NA
11379,26161,alphagov/smart-answers,118,35,862,Ruby,0,0,0,0,NA,NA,NA,NA,NA,NA,NA
11638,50396,rtfd/readthedocs.org,11,36,1298,Python,589,123,145,32,0.887427490274043,0.205119090704035,-0.102271050982067,-0.0942592330457062,0.0469970434992674,1.05988290665027,0.791845919676397
12106,881682,rcbops/chef-cookbooks,39,56,860,Ruby,0,0,0,0,NA,NA,NA,NA,NA,NA,NA
12333,806876,droolsjbpm/drools,39,15,1112,Java,0,0,0,0,NA,NA,NA,NA,NA,NA,NA
12747,407,gregbell/active_admin,10,15,1421,Ruby,822,193,941,453,2.32250158505478e-13,4.09548491868654,-4.79958510384118,-2.47910792609829,2.90531883504822,2.04895685510452,8.5265128291212e-14
12841,231191,naparuba/shinken,23,24,1199,Python,0,0,0,0,NA,NA,NA,NA,NA,NA,NA
13001,510510,osmandapp/Osmand,10,23,1146,Java,0,0,0,0,NA,NA,NA,NA,NA,NA,NA
13116,1577951,dmwm/WMCore,24,10,906,Python,0,0,0,0,NA,NA,NA,NA,NA,NA,NA
13573,738643,bndtools/bnd,10,20,1424,Java,0,0,0,0,NA,NA,NA,NA,NA,NA,NA
13860,4231,ruby/ruby,21,63,1468,Ruby,6982,732,462,33,0.0439720023842726,-1.93308822490447,0.489682357797603,0.619696738943557,-0.156979157151694,0.684365211321945,0.0306681396758078
14642,663845,DIRACGrid/DIRAC,24,23,1065,Python,0,0,0,0,NA,NA,NA,NA,NA,NA,NA
15985,338435,gem/oq-engine,30,26,1347,Python,0,0,0,0,NA,NA,NA,NA,NA,NA,NA
16282,285566,tablexi/nucore-open,27,18,1098,Ruby,0,0,0,0,NA,NA,NA,NA,NA,NA,NA
16719,8236,BaseXdb/basex,14,28,1114,Java,313,43,0,0,NA,NA,NA,NA,NA,NA,NA
16948,NA,BroadleafCommerce/BroadleafCommerce,12,38,818,Java,NA,NA,NA,NA,NA,NA,NA,NA,NA,NA,NA
17032,NA,Silverpeas/Silverpeas-Core,11,28,1130,Java,NA,NA,NA,NA,NA,NA,NA,NA,NA,NA,NA
17635,1278037,isenseDev/rSENSE,10,25,582,Ruby,438,29,499,78,0.000164126111361285,2.45291125611166,-2.72653641527227,-0.828903416253983,0.921368575209964,2.35134606864355,8.51846044247484e-05
18217,26191,mozilla/zamboni,30,42,1595,Python,0,0,0,0,NA,NA,NA,NA,NA,NA,NA
18260,6230,adhearsion/adhearsion,10,10,1409,Ruby,261,572,62,79,0.0043534843367638,-1.57000368906946,0.645933380414272,2.2288965192325,-0.917016102118063,0.581509663704428,0.00386629301076935
19428,386476,mne-tools/mne-python,19,20,1133,Python,264,13,473,185,2.44016066131078e-15,3.86798677502875,-5.96153424186903,-2.00485898730816,3.08998871974366,7.84401165446919,0
19844,26150,alphagov/publisher,113,17,976,Ruby,0,55,0,19,NA,NA,NA,NA,NA,NA,NA
20429,898,thoughtbot/paperclip,83,41,2156,Ruby,338,269,137,111,0.96639534146115,0.0740834074167772,-0.0473535392439779,-0.0662622139954904,0.0423542930898954,1.01818447745116,0.905466483113543
20786,25353,cloudfoundry/bosh,112,29,703,Ruby,2074,492,395,124,0.0167523355628076,2.00081489504928,-0.899833722140098,-0.999393965907442,0.449461064315344,1.32413052223,0.0158641131049353
20796,1073173,hazelcast/hazelcast,15,70,715,Java,0,0,0,0,NA,NA,NA,NA,NA,NA,NA
20849,133138,projectblacklight/blacklight,12,26,1588,Ruby,561,180,270,132,0.00247165667917173,2.12573183120154,-1.56571386835431,-1.30252258043036,0.9593767370326,1.52334096778243,0.0021596486495743
21276,211590,prawnpdf/prawn,17,11,2162,Ruby,313,35,153,49,1.42620552912602e-05,3.26753985158072,-2.48947033655766,-1.38729102842696,1.05694804663843,2.85468101588585,1.33294816340168e-05
21597,1046777,geotools/geotools,27,19,847,Java,170,126,83,49,0.341080569133304,-0.676774129886062,0.451944243678118,0.56286275612386,-0.375875157423357,0.797607543702942,0.292424851261357
21703,116690,rightscale/right_link,124,43,1693,Ruby,0,0,0,0,NA,NA,NA,NA,NA,NA,NA
22841,101358,tomchristie/django-rest-framework,11,21,1100,Python,1281,147,988,276,3.38266206134678e-16,5.49097818675347,-5.16605650071397,-2.37084222893568,2.23055064004942,2.4324614423765,0
23052,118394,buildbot/buildbot,12,25,1339,Python,224,67,228,191,1.2986429078093e-09,3.13987946738467,-3.76767552383977,-2.37221262234805,2.84651927801837,2.79355119693555,4.98522556569014e-10
23710,1128671,rcbops-cookbooks/nova,21,13,702,Ruby,0,0,0,0,NA,NA,NA,NA,NA,NA,NA
24741,214320,threerings/playn,15,12,930,Java,165,9,5,1,NA,NA,NA,NA,NA,NA,NA
25156,26131,alphagov/govuk_content_models,91,40,661,Ruby,169,20,65,10,0.674314241771863,0.50602431370499,-0.318765355098937,-0.18118576883487,0.114136306057405,1.30757968208181,0.525957636638956
25467,36256,CloudifySource/cloudify,14,23,770,Java,3775,1011,72,14,0.337488263988245,-0.962285438009822,0.12899319275853,0.496712115683866,-0.0665836550705989,0.732847736309389,0.276311542245048
26591,376293,hibernate/hibernate-orm,18,24,1249,Java,0,0,0,0,NA,NA,NA,NA,NA,NA,NA
26697,401923,mcMMO-Dev/mcMMO,11,17,791,Java,130,14,31,7,0.227225033474513,1.2490212092301,-0.641623652681938,-0.451093451386152,0.231727232364367,2.10551702820695,0.159379306692359
27142,NA,pypa/pip,11,13,1096,Python,NA,NA,NA,NA,NA,NA,NA,NA,NA,NA,NA
27329,53976,pydata/pandas,11,29,1290,Python,2559,657,1064,421,2.39762480583696e-09,4.36072074781526,-2.96321718017991,-2.37866613505416,1.61636224030992,1.54113112222682,3.0510358683955e-09
28824,139061,cloudfoundry/cloud_controller_ng,104,38,623,Ruby,889,348,176,78,0.452323460487198,0.637239547360261,-0.288758467968737,-0.403025676958632,0.182626890488397,1.13311893605423,0.40787774535618
29465,100680,unepwcmc/SAPI,13,98,665,Ruby,924,155,0,0,NA,NA,NA,NA,NA,NA,NA
30491,54358,spree/spree_gateway,13,19,808,Ruby,69,72,25,25,1,-0.0779244436857458,0.0464033309353021,0.0791581527368039,-0.0471379939841009,0.958570938251455,0.898289916942202
33958,415577,pyne/pyne,20,16,1041,Python,0,14,0,0,NA,NA,NA,NA,NA,NA,NA
35846,380340,JetBrains/kotlin,20,117,752,Java,0,0,0,0,NA,NA,NA,NA,NA,NA,NA
37843,678785,DSpace/DSpace,26,10,720,Java,306,9,383,17,0.431548579114301,0.643587247740775,-0.725240667622842,-0.125021438984807,0.140883201453721,1.49609928141115,0.333270125869192
40080,1021,concerto/concerto,13,28,1476,Ruby,1421,145,201,33,0.0279788047674803,2.04972329856775,-0.792332166564179,-0.679015696599702,0.26247736872282,1.61372122908445,0.0265323249142253
40428,490906,akvo/akvo-rsr,12,21,1557,Python,0,0,0,0,NA,NA,NA,NA,NA,NA,NA
40833,55041,MagLev/maglev,14,28,1865,Ruby,219,181,89,83,0.568802917509415,0.405775977979607,-0.26608510302398,-0.375675556418385,0.246346936629651,1.12819097712045,0.509933528755429
41127,682102,4teamwork/ftw.book,14,53,822,Python,0,0,0,0,NA,NA,NA,NA,NA,NA,NA
41728,92720,praekelt/vumi,16,20,1207,Python,732,300,489,233,0.16696389168378,0.918228204026085,-0.768032111726091,-0.606675421910274,0.507440528813064,1.16260541235741,0.152246853306507
42335,218632,AIFDR/inasafe,17,17,787,Python,0,0,0,0,NA,NA,NA,NA,NA,NA,NA
42734,1388731,nuxeo/nuxeo-features,22,34,812,Java,0,0,0,0,NA,NA,NA,NA,NA,NA,NA
42812,21752,puppetlabs/puppetlabs-firewall,59,22,1034,Ruby,143,9,150,55,7.31092696634391e-07,3.01032506341576,-3.49597671242749,-1.40692054397161,1.63389712218638,5.72272832998268,1.08067921722466e-07
42952,26167,alphagov/whitehall,123,27,899,Ruby,979,821,0,2,NA,NA,NA,NA,NA,NA,NA
43858,324983,eaudeweb/cites-meetings,11,10,714,Python,0,0,0,0,NA,NA,NA,NA,NA,NA,NA
43875,723910,xwiki/xwiki-platform,18,24,1092,Java,0,0,0,0,NA,NA,NA,NA,NA,NA,NA
45316,54205,openSUSE/open-build-service,13,18,966,Ruby,1243,587,298,200,0.000875268024355096,2.43905011710664,-1.27235954079632,-1.74303766184823,0.909276354538696,1.4211928877897,0.000816438958201271
45614,21723,puppetlabs/puppetlabs-apache,186,24,1282,Ruby,224,2,634,159,NA,NA,NA,NA,NA,NA,NA
45658,21855,cloudera/hue,34,32,1354,Python,0,0,0,0,NA,NA,NA,NA,NA,NA,NA
46754,294655,vim-jp/vim-jp.github.com,34,11,903,Ruby,123,6,7,0,NA,NA,NA,NA,NA,NA,NA
48485,290274,OpenGamma/OG-Platform,27,39,1260,Java,0,0,0,0,NA,NA,NA,NA,NA,NA,NA
48706,1058742,learning-unlimited/ESP-Website,36,48,863,Python,188,541,94,253,0.704459642245815,-0.191079798078598,0.131830453757387,0.320627279976704,-0.221208313130725,0.934846391685398,0.648792263580057
48764,8013,cucumber/cucumber-jvm,32,14,983,Java,384,94,223,32,0.019833738021362,-1.78736013683427,1.3054739484506,0.814334800547955,-0.594783807428422,0.588289478085635,0.0138701674308122
49956,143058,opscode/omnibus-chef,63,10,688,Ruby,0,0,0,0,NA,NA,NA,NA,NA,NA,NA
50297,1097948,Athas/EggsML,25,18,1409,Python,0,0,0,0,NA,NA,NA,NA,NA,NA,NA
53198,NA,IVPR/Weave,30,46,1044,Java,NA,NA,NA,NA,NA,NA,NA,NA,NA,NA,NA
55068,358325,materialsproject/pymatgen,28,43,865,Python,1079,157,41,2,NA,NA,NA,NA,NA,NA,NA
55219,380334,JetBrains/intellij-community,23,340,888,Java,0,0,0,0,NA,NA,NA,NA,NA,NA,NA
56043,682059,4teamwork/ftw.tabbedview,14,11,828,Python,0,0,0,0,NA,NA,NA,NA,NA,NA,NA
56447,133708,cwi-swat/rascal,16,38,591,Java,0,0,0,0,NA,NA,NA,NA,NA,NA,NA
56551,549483,imagej/imagej,18,63,770,Java,0,0,0,0,NA,NA,NA,NA,NA,NA,NA
58772,50943,plone/buildout.coredev,235,89,893,Python,0,0,0,0,NA,NA,NA,NA,NA,NA,NA
58896,26130,alphagov/govspeak,63,25,972,Ruby,6,0,2,0,NA,NA,NA,NA,NA,NA,NA
60686,NA,jboss-reddeer/reddeer,16,17,590,Java,NA,NA,NA,NA,NA,NA,NA,NA,NA,NA,NA
62373,108069,ceylon/ceylon-compiler,20,24,1137,Java,0,0,0,0,NA,NA,NA,NA,NA,NA,NA
65321,417625,tomahawk-player/tomahawk-android,19,11,600,Java,0,0,0,0,NA,NA,NA,NA,NA,NA,NA
67522,179352,griddynamics/jagger,20,15,752,Java,0,0,0,0,NA,NA,NA,NA,NA,NA,NA
67633,39022,mozilla-services/android-sync,10,20,870,Java,0,0,0,0,NA,NA,NA,NA,NA,NA,NA
67640,116706,rightscale/right_support,127,13,1091,Ruby,0,0,0,0,NA,NA,NA,NA,NA,NA,NA
67874,380237,openmicroscopy/openmicroscopy,50,25,931,Java,934,24,2293,120,0.00192630481620675,1.6668677350019,-2.64543470445743,-0.352113684306278,0.558828838556367,2.02543777258794,0.00087187035706382
68102,61826,enthought/enstaller,74,25,1142,Python,290,88,141,30,0.160576420047172,-1.11407516850701,0.74931883576566,0.582930612705728,-0.392074880037208,0.703575412313242,0.129157246705579
68610,NA,belaban/JGroups,11,14,1215,Java,NA,NA,NA,NA,NA,NA,NA,NA,NA,NA,NA
69792,146180,rhomobile/rhomobile-docs,33,11,1133,Ruby,0,0,0,0,NA,NA,NA,NA,NA,NA,NA
70480,209517,Jasig/uPortal,25,52,868,Java,71,15,49,2,NA,NA,NA,NA,NA,NA,NA
71334,448888,ceph/teuthology,49,18,909,Python,0,0,0,0,NA,NA,NA,NA,NA,NA,NA
73635,NA,digitalgreenorg/dg,12,23,848,Java,NA,NA,NA,NA,NA,NA,NA,NA,NA,NA,NA
74063,143060,opscode/omnibus-ruby,46,10,751,Ruby,178,13,114,14,0.273891606383477,0.961920466856915,-0.787458121627117,-0.292502526526216,0.23945169901846,1.67727126978983,0.204651202889979
75605,1363917,commonsense/conceptnet5,32,14,897,Python,0,0,0,0,NA,NA,NA,NA,NA,NA,NA
75619,549473,fiji/fiji,11,27,1058,Java,0,0,0,0,NA,NA,NA,NA,NA,NA,NA
75812,143061,opscode/omnibus-software,81,13,689,Ruby,0,0,0,0,NA,NA,NA,NA,NA,NA,NA
88971,1388730,nuxeo/nuxeo-dm,22,10,812,Java,0,0,0,0,NA,NA,NA,NA,NA,NA,NA
92010,NA,sot/eng_archive,10,40,960,Python,NA,NA,NA,NA,NA,NA,NA,NA,NA,NA,NA
92535,NA,molgenis/molgenis,31,48,1353,Java,NA,NA,NA,NA,NA,NA,NA,NA,NA,NA,NA
95329,1388626,plasmodic/ecto,10,14,1015,Python,0,0,0,0,NA,NA,NA,NA,NA,NA,NA
103508,982927,HUSACCT/HUSACCT,14,11,715,Java,0,0,0,0,NA,NA,NA,NA,NA,NA,NA
105762,490913,akvo/akvo-flow,13,33,709,Java,0,0,0,0,NA,NA,NA,NA,NA,NA,NA
111425,13407,r888888888/danbooru,18,14,1491,Ruby,0,2,0,0,NA,NA,NA,NA,NA,NA,NA
118301,66590,railsgirls/railsgirls.github.com,242,25,687,Ruby,0,0,0,0,NA,NA,NA,NA,NA,NA,NA
122473,631238,vmware-serengeti/serengeti-ws,26,19,635,Java,0,0,0,0,NA,NA,NA,NA,NA,NA,NA
138238,NA,bcdev/beam,15,22,1479,Java,NA,NA,NA,NA,NA,NA,NA,NA,NA,NA,NA
140647,682089,4teamwork/ftw.poodle,14,12,826,Python,0,0,0,0,NA,NA,NA,NA,NA,NA,NA
156467,116707,rightscale/right_agent,75,10,1010,Ruby,0,0,0,0,NA,NA,NA,NA,NA,NA,NA
164170,10936,socialcast/socialcast-command-line,29,24,1364,Ruby,56,16,21,0,NA,NA,NA,NA,NA,NA,NA
211549,388828,Freeseer/freeseer,23,12,1556,Python,188,30,277,178,4.92621335900525e-11,3.15182545483627,-4.55343991475,-2.10798419182255,3.04540321037716,4.00463315764693,4.16267020852956e-12
218181,380239,openmicroscopy/ome-documentation,41,15,779,Python,486,7,1005,37,0.0298185830958788,1.30491051426375,-1.89710395875303,-0.224165228133064,0.325895712432015,2.50848913529309,0.0156267913807389
256086,NA,bitcoin/bitcoin.org,10,27,918,Ruby,NA,NA,NA,NA,NA,NA,NA,NA,NA,NA,NA
288440,185138,alphagov/EFG,101,41,660,Ruby,216,35,24,4,NA,NA,NA,NA,NA,NA,NA
292891,26120,alphagov/design-principles,117,11,720,Ruby,732,32,118,8,0.393885495247321,0.982094012761461,-0.398833524770931,-0.213046103809304,0.0865191391219857,1.57205500355675,0.291107632876897
295815,85560,dimagi/casexml,19,12,1009,Python,331,160,187,70,0.154965986844295,-1.01513194383373,0.734426450770914,0.676427931337544,-0.489381274850229,0.775305321154723,0.132298667193258
309466,193735,opscode/bento,62,11,729,Ruby,52,1,61,5,NA,NA,NA,NA,NA,NA,NA
326632,1799282,omaciel/robottelo,12,55,693,Python,127,6,229,81,3.06772929745797e-07,2.57858570182296,-3.93673876394732,-1.27472410242857,1.9461272060187,7.29194266209302,1.02614747810037e-08
401284,90750,mysociety/theyworkforyou,20,80,1492,Python,435,74,151,38,0.0959560126109701,1.39339081562733,-0.849072850872412,-0.609162481180861,0.371197598505686,1.48080756982698,0.0805512520937959
407274,322924,ros/catkin,13,20,850,Python,0,0,0,0,NA,NA,NA,NA,NA,NA,NA
483343,98338,alphagov/govuk_content_api,100,23,633,Ruby,172,20,71,2,NA,NA,NA,NA,NA,NA,NA
546037,235795,owncloud/android,42,11,558,Java,5,78,1,24,NA,NA,NA,NA,NA,NA,NA
614053,209886,mysociety/alaveteli,31,15,1192,Ruby,421,201,203,75,0.127011727155633,-1.1104765504579,0.74239766583383,0.738535946337391,-0.493740603949875,0.774729776917503,0.108276806364584
643805,215108,alphagov/feedback,66,15,553,Ruby,221,29,82,7,0.43433586754849,-0.797360873423866,0.475751230201613,0.274843111856065,-0.163987164326852,0.661663632935312,0.336324032810061
777221,243431,alphagov/support,105,13,541,Ruby,224,13,76,6,0.7387896148773,0.504976223115035,-0.297032303324628,-0.127082895942229,0.0747514904009346,1.37687455720732,0.54492554339495
801441,243623,Activiti/Activiti,19,12,539,Java,0,0,0,0,NA,NA,NA,NA,NA,NA,NA
825924,223196,unknown-horizons/unknown-horizons,35,12,1291,Python,0,0,0,0,NA,NA,NA,NA,NA,NA,NA
931243,354961,liqd/adhocracy,12,31,529,Python,321,300,208,151,0.0681228515183174,-1.10578681002831,0.840761525499869,1.02101433647206,-0.776306574924242,0.777116264026323,0.0589869280322367
956098,1224419,autotest/virt-test,25,16,527,Python,0,0,0,0,NA,NA,NA,NA,NA,NA,NA
978965,NA,perfectsense/brightspot-cms,44,29,526,Java,NA,NA,NA,NA,NA,NA,NA,NA,NA,NA,NA
1028405,264447,openshift/origin-dev-tools,155,14,532,Ruby,0,0,0,0,NA,NA,NA,NA,NA,NA,NA
1292559,349962,owncloud/documentation,167,47,496,Python,0,0,0,0,NA,NA,NA,NA,NA,NA,NA
1344878,322273,opscode/chef-docs,75,33,605,Python,0,0,0,0,NA,NA,NA,NA,NA,NA,NA
1347553,277668,openshift/origin-server,139,160,684,Ruby,0,0,0,0,NA,NA,NA,NA,NA,NA,NA
1350393,578446,metamx/druid,20,45,499,Java,0,0,0,0,NA,NA,NA,NA,NA,NA,NA
1366147,283215,neo4j/neo4j,29,67,479,Java,0,0,0,0,NA,NA,NA,NA,NA,NA,NA
1448496,471661,sc3/cookcountyjail,10,13,472,Python,0,13,0,0,NA,NA,NA,NA,NA,NA,NA
1503167,NA,endosnipe/ENdoSnipe,30,22,483,Java,NA,NA,NA,NA,NA,NA,NA,NA,NA,NA,NA
1504740,292478,Connexions/webview,20,12,601,Python,1018,81,455,39,0.791634936701697,0.292971572263969,-0.196421991509076,-0.0836208795658988,0.0560633906189212,1.07936675254263,0.708306027066943
1545591,647106,opf/openproject,18,133,463,Ruby,1097,510,1183,612,0.154367900800456,0.82192122588034,-0.868669321991332,-0.576579505154374,0.609373394974795,1.1126969582796,0.144251033697401
1803672,442699,mulesoft/mule,39,44,454,Java,0,0,0,0,NA,NA,NA,NA,NA,NA,NA
1912872,388555,aws/aws-cli,22,22,471,Python,417,43,312,94,4.70729982473656e-08,3.71479076905735,-3.48994400288225,-1.6103893030714,1.51291656514638,2.91284374139423,2.6184569179577e-08
1922523,377419,balanced/balanced-docs,14,15,448,Python,265,111,124,33,0.0563869211462623,-1.4458476016172,0.934282948500704,0.879688600755999,-0.568440310553817,0.637461961391433,0.0426163396672624
1989677,882133,pentaho/pentaho-platform,49,40,636,Java,0,0,0,0,NA,NA,NA,NA,NA,NA,NA
2291113,882140,pentaho/pentaho-reporting,49,13,422,Java,0,0,0,0,NA,NA,NA,NA,NA,NA,NA
2294498,422707,lisa-lab/pylearn2,12,35,1200,Python,349,90,665,335,8.91915212901463e-07,2.30751726753908,-3.48267300400524,-1.49389628454274,2.25469700016995,1.95070675901551,3.98518886779442e-07
2367064,433499,asciidoctor/asciidoctor,38,23,643,Ruby,506,49,425,61,0.0645732019164764,1.34597540813564,-1.25953073090532,-0.46265645645084,0.432942549491862,1.48070968697481,0.0526476625177041
2369446,507513,DirectEmployers/MyJobs,14,66,829,Python,0,0,0,0,NA,NA,NA,NA,NA,NA,NA
2488944,653233,Netflix/RxJava,14,19,422,Java,0,0,0,0,NA,NA,NA,NA,NA,NA,NA
2909103,493540,praekelt/vumi-go,17,24,986,Python,1474,1041,877,674,0.206966292537169,0.774241995882258,-0.608014068830892,-0.661275559961547,0.519301259772779,1.08819215257216,0.195768873358338
3052226,583048,edx/XBlock,70,36,360,Python,23,7,13,5,1,0.235702260395516,-0.182574185835055,-0.136082763487954,0.105409255338946,1.26391822282521,0.737661862538607
3056066,501035,ruby/www.ruby-lang.org,41,32,946,Ruby,401,1,448,4,NA,NA,NA,NA,NA,NA,NA
3056652,498341,gittip/www.gittip.com,35,56,643,Python,1646,282,841,184,0.0211006604129325,1.74941149304473,-1.27555853568342,-0.75726352909222,0.552147943543108,1.27722940747319,0.0192359897508647
3105682,530573,camptocamp/c2cgeoportal,26,13,820,Python,516,195,314,185,0.000471325864699426,2.25981112773423,-1.89316128808514,-1.52906129426811,1.28097415482689,1.55839218830069,0.00039759807931472
3110119,520482,alphagov/backdrop,26,27,352,Python,625,230,180,43,0.0248772106203521,-1.79296992812809,0.915677156127709,1.04413436318318,-0.533243736716195,0.650927665410758,0.0181054611147806
3216686,539556,rackerlabs/repose,227,31,979,Java,0,0,0,0,NA,NA,NA,NA,NA,NA,NA
3218707,NA,ImageEngine/gaffer,20,10,344,Python,NA,NA,NA,NA,NA,NA,NA,NA,NA,NA,NA
3219077,870583,learningequality/ka-lite,18,37,543,Python,0,0,0,0,NA,NA,NA,NA,NA,NA,NA
3219349,591037,ciudadanointeligente/write-it,18,36,345,Python,520,41,185,8,0.171152516957161,-1.28262059288801,0.7523075706524,0.33814400323174,-0.198334795973574,0.557353975472093,0.120098431747815
3219543,837025,floodlight/loxigen,26,10,353,Python,0,0,0,0,NA,NA,NA,NA,NA,NA,NA
3411412,843866,RedHatQE/cfme_tests,17,39,393,Python,0,4,0,0,NA,NA,NA,NA,NA,NA,NA
3604984,878750,mdsol/crichton,356,21,393,Ruby,0,0,0,0,NA,NA,NA,NA,NA,NA,NA
3644351,893886,10gen-labs/mongo-web-shell,11,13,357,Python,0,0,0,0,NA,NA,NA,NA,NA,NA,NA
3821279,1023529,zanata/zanata-server,14,10,1092,Java,18,19,11,4,NA,NA,NA,NA,NA,NA,NA
3825551,937962,bundler/bundler,25,20,1500,Ruby,148,88,135,173,1.852635558263e-05,2.07532275341666,-2.37085505878195,-1.99302471138273,2.27683752393694,2.15092263829221,1.25201896146176e-05
3929150,965432,octokit/octokit.rb,24,22,1547,Ruby,237,33,160,33,0.178666821260029,1.04631764014575,-0.884627263184003,-0.42661906706818,0.360692435301067,1.47989722970653,0.14372046566604
3963440,984031,rackerlabs/otter,30,24,517,Python,0,0,0,0,NA,NA,NA,NA,NA,NA,NA
4616106,NA,aipocom/aipo,25,70,372,Java,NA,NA,NA,NA,NA,NA,NA,NA,NA,NA,NA
4835098,90767,mysociety/pombola,30,23,976,Python,7,29,2,2,NA,NA,NA,NA,NA,NA,NA
